<?xml version="1.0" encoding="UTF-8"?>
<project-private xmlns="http://www.netbeans.org/ns/project-private/1">
    <editor-bookmarks xmlns="http://www.netbeans.org/ns/editor-bookmarks/2" lastBookmarkId="0"/>
    <open-files xmlns="http://www.netbeans.org/ns/projectui-open-files/2">
        <group>
            <file>file:/C:/Users/ACER/OneDrive/Documents/NetBeansProjects/ProjekPBO2/src/desain/daftarAkun.java</file>
            <file>file:/C:/Users/ACER/OneDrive/Documents/NetBeansProjects/ProjekPBO2/src/desain/login.java</file>
            <file>file:/C:/Users/ACER/OneDrive/Documents/NetBeansProjects/ProjekPBO2/src/desain/newReport.java</file>
            <file>file:/C:/Users/ACER/OneDrive/Documents/NetBeansProjects/ProjekPBO2/src/sqlconnection/Connect.java</file>
            <file>file:/C:/Users/ACER/OneDrive/Documents/NetBeansProjects/ProjekPBO2/src/desain/listUser.java</file>
            <file>file:/C:/Users/ACER/OneDrive/Documents/NetBeansProjects/ProjekPBO2/src/desain/menuUser.java</file>
            <file>file:/C:/Users/ACER/OneDrive/Documents/NetBeansProjects/ProjekPBO2/src/desain/solusiAdmin.java</file>
            <file>file:/C:/Users/ACER/OneDrive/Documents/NetBeansProjects/ProjekPBO2/src/desain/menuAdmin.java</file>
        </group>
    </open-files>
</project-private>
