<?xml version="1.0" encoding="UTF-8"?>
<project-private xmlns="http://www.netbeans.org/ns/project-private/1">
    <editor-bookmarks xmlns="http://www.netbeans.org/ns/editor-bookmarks/2" lastBookmarkId="0"/>
    <open-files xmlns="http://www.netbeans.org/ns/projectui-open-files/2">
        <group>
            <file>file:/D:/Katharina%20Tyas%20Aprilia/Semester%203/PBO%202/Program/PerpustakaanUSD/src/perpustakaanusd/Majalah.java</file>
            <file>file:/D:/Katharina%20Tyas%20Aprilia/Semester%203/PBO%202/Program/PerpustakaanUSD/src/perpustakaanusd/Denda.java</file>
            <file>file:/D:/Katharina%20Tyas%20Aprilia/Semester%203/PBO%202/Program/PerpustakaanUSD/src/perpustakaanusd/CD_DVD.java</file>
            <file>file:/D:/Katharina%20Tyas%20Aprilia/Semester%203/PBO%202/Program/PerpustakaanUSD/src/perpustakaanusd/PerpustakaanUSD.java</file>
            <file>file:/D:/Katharina%20Tyas%20Aprilia/Semester%203/PBO%202/Program/PerpustakaanUSD/src/perpustakaanusd/Buku.java</file>
            <file>file:/D:/Katharina%20Tyas%20Aprilia/Semester%203/PBO%202/Program/PerpustakaanUSD/src/perpustakaanusd/Mahasiswa.java</file>
            <file>file:/D:/Katharina%20Tyas%20Aprilia/Semester%203/PBO%202/Program/PerpustakaanUSD/src/perpustakaanusd/Peminjam.java</file>
            <file>file:/D:/Katharina%20Tyas%20Aprilia/Semester%203/PBO%202/Program/PerpustakaanUSD/src/perpustakaanusd/Koleksi.java</file>
        </group>
    </open-files>
</project-private>
